{"stat.leaveGame":4,"stat.useItem.minecraft.mutton":2,"stat.useItem.minecraft.planks":151,"stat.pickup.minecraft.glowstone_dust":2,"stat.pickup.growthcraft.salt":97,"stat.pickup.xreliquary.mob_ingredient":4,"stat.useItem.harvestcraft.pearitem":1,"stat.useItem.minecraft.water_bucket":5,"stat.pickup.minecraft.rotten_flesh":14,"stat.pickup.minecraft.sand":44,"stat.craftItem.minecraft.stone_axe":2,"stat.craftItem.appliedenergistics2.sky_compass":1,"stat.pickup.biomesoplenty.mushroom":5,"stat.pickup.minecraft.brown_mushroom":1,"stat.mineBlock.minecraft.sand":44,"stat.killEntity.Witch":1,"stat.pickup.harvestcraft.scallionitem":1,"stat.useItem.minecraft.iron_pickaxe":3449,"stat.craftItem.minecraft.wooden_pickaxe":1,"stat.craftItem.minecraft.glass_pane":16,"stat.furnaceInteraction":95,"stat.pickup.harvestcraft.cherryitem":4,"stat.craftItem.thermalfoundation.material":138,"stat.pickup.minecraft.beef":1,"stat.pickup.minecraft.furnace":1,"stat.useItem.thermaldynamics.duct_0":6,"stat.pickup.minecraft.skull":1,"stat.mineBlock.thermalexpansion.dynamo":2,"stat.pickup.thaumcraft.crystal_essence":61,"stat.pickup.thaumcraft.nugget":3,"stat.pickup.computercraft.turtle_expanded":1,"stat.useItem.minecraft.beef":1,"stat.useItem.natura.edibles":3,"stat.deaths":6,"stat.pickup.minecraft.egg":1,"stat.playOneMinute":446862,"stat.craftItem.minecraft.iron_pickaxe":15,"stat.pickup.natura.overworld_seeds":1,"stat.drop.minecraft.torch":1,"stat.mineBlock.minecraft.tallgrass":23,"stat.craftItem.computercraft.computer":1,"stat.mineBlock.thermalexpansion.machine":3,"stat.chestOpened":298,"stat.craftItem.thermalexpansion.device":1,"stat.pickup.botania.mushroom":1,"stat.useItem.minecraft.stone":6,"stat.pickup.minecraft.arrow":7,"stat.mineBlock.minecraft.ice":10,"stat.mineBlock.appliedenergistics2.charged_quartz_ore":2,"stat.craftItem.minecraft.coal":6,"stat.drop.minecraft.iron_pickaxe":1,"stat.fallOneCm":19048,"stat.pickup.minecraft.carrot":1,"stat.crouchOneCm":14556,"stat.mineBlock.minecraft.chest":4,"stat.craftItem.minecraft.chest":12,"stat.craftItem.minecraft.iron_ingot":240,"stat.craftingTableInteraction":76,"stat.pickup.thermalexpansion.device":1,"stat.mineBlock.ic2.resource":9,"stat.pickup.natura.edibles":3,"stat.useItem.minecraft.furnace":1,"stat.mineBlock.biomesoplenty.plant_0":3,"stat.pickup.minecraft.dye":225,"stat.pickup.minecraft.planks":6,"stat.pickup.chisel.limestone2":14,"stat.pickup.minecraft.wheat_seeds":1,"stat.pickup.enderio.item_material":4,"stat.mineBlock.minecraft.gravel":61,"stat.useItem.minecraft.stone_pickaxe":1180,"stat.craftItem.minecraft.iron_leggings":1,"stat.useItem.harvestcraft.cherryitem":4,"stat.useItem.biomesoplenty.berries":6,"stat.mineBlock.minecraft.dirt":13,"stat.pickup.biomesoplenty.persimmon":3,"stat.mineBlock.biomesoplenty.leaves_0":247,"stat.useItem.minecraft.torch":208,"stat.useItem.minecraft.bread":1,"stat.mineBlock.mekanism.saltblock":1,"stat.mineBlock.biomesoplenty.leaves_1":2,"stat.pickup.minecraft.crafting_table":2,"stat.useItem.minecraft.cobblestone":90,"stat.craftItem.minecraft.crafting_table":1,"stat.useItem.minecraft.gravel":2,"stat.mineBlock.thaumcraft.crystal_aer":1,"stat.pickup.minecraft.redstone_block":13,"stat.pickup.minecraft.log":146,"stat.mineBlock.galacticraftcore.basic_block_core":59,"stat.pickup.minecraft.iron_pickaxe":1,"stat.mineBlock.thaumcraft.crystal_terra":5,"stat.mineBlock.natura.overworld_leaves2":27,"stat.useItem.biomesoplenty.persimmon":2,"stat.craftItem.minecraft.gold_ingot":8,"stat.pickup.minecraft.web":2,"stat.pickup.minecraft.sapling":25,"stat.useItem.railcraft.tool_axe_steel":30,"stat.pickup.minecraft.apple":2,"stat.pickup.growthcraft_bees.bee":2,"stat.craftItem.minecraft.bucket":3,"stat.craftItem.minecraft.planks":352,"stat.useItem.minecraft.iron_sword":18,"stat.pickup.biomesoplenty.berries":7,"stat.mineBlock.minecraft.log":149,"stat.mineBlock.bigreactors.oreyellorite":46,"stat.craftItem.thermaldynamics.duct_0":12,"stat.useItem.minecraft.spruce_door":1,"stat.pickup.harvestcraft.juteitem":1,"stat.pickup.natura.overworld_sapling2":1,"stat.killEntity.BabySkeleton":1,"stat.pickup.minecraft.red_flower":1,"stat.pickup.harvestcraft.pearitem":1,"stat.craftItem.thermalexpansion.frame":4,"stat.pickup.thaumcraft.amber":10,"stat.sneakTime":9267,"stat.pickup.minecraft.wool":1,"stat.mineBlock.thaumcraft.crystal_perditio":6,"stat.useItem.minecraft.wooden_axe":9,"stat.pickup.harvestcraft.avocadoitem":1,"stat.pickup.minecraft.chest":4,"stat.pickup.harvestcraft.gooseberryitem":3,"stat.craftItem.minecraft.spruce_door":3,"stat.pickup.minecraft.bone":10,"stat.craftItem.computercraft.turtle_expanded":2,"stat.mineBlock.minecraft.cobblestone":3,"stat.pickup.minecraft.flint":8,"stat.craftItem.thermalexpansion.cell":1,"stat.mineBlock.appliedenergistics2.quartz_ore":17,"stat.pickup.bigreactors.oreyellorite":46,"stat.swimOneCm":33000,"stat.climbOneCm":455,"stat.mineBlock.thaumcraft.ore_amber":7,"stat.pickup.thermalexpansion.machine":3,"stat.useItem.minecraft.dirt":34,"stat.useItem.harvestcraft.gooseberryitem":3,"stat.craftItem.minecraft.furnace":4,"stat.pickup.thermalfoundation.ore":382,"stat.useItem.minecraft.egg":1,"stat.craftItem.minecraft.iron_boots":1,"stat.craftItem.minecraft.stone_pickaxe":9,"stat.pickup.minecraft.cobblestone":2207,"stat.mineBlock.minecraft.clay":5,"stat.mineBlock.minecraft.redstone_block":13,"stat.mineBlock.chisel.limestone2":14,"stat.flyOneCm":16575,"stat.pickup.appliedenergistics2.material":26,"stat.useItem.harvestcraft.plumitem":4,"stat.mineBlock.growthcraft_bees.beehive":1,"stat.pickup.minecraft.redstone":389,"stat.mineBlock.minecraft.iron_ore":397,"stat.timeSinceDeath":38640,"stat.pickup.minecraft.mutton":2,"stat.pickup.thermalexpansion.dynamo":2,"stat.mineBlock.thermalfoundation.ore":382,"stat.pickup.thermaldynamics.duct_0":1,"stat.pickup.mekanism.salt":4,"stat.mineBlock.minecraft.coal_ore":679,"stat.mineBlock.thermalexpansion.device":1,"stat.killEntity.Creeper":2,"stat.pickup.extrautils2.ingredients":4,"stat.pickup.minecraft.string":2,"stat.mineBlock.minecraft.grass":37,"stat.craftItem.minecraft.brick_block":2,"stat.useItem.minecraft.written_book":2,"stat.sprintOneCm":63531,"stat.craftItem.minecraft.wooden_axe":1,"stat.craftItem.minecraft.stick":132,"stat.mineBlock.mekanism.oreblock":61,"stat.pickup.ic2.resource":8,"stat.craftItem.thermalexpansion.dynamo":1,"stat.craftItem.minecraft.stone":16,"stat.mineBlock.minecraft.diamond_ore":8,"stat.mineBlock.biomesoplenty.mushroom":5,"stat.mineBlock.minecraft.crafting_table":2,"stat.useItem.minecraft.carrot":1,"stat.entityKilledBy.Creeper":1,"stat.pickup.appliedenergistics2.sky_compass":1,"stat.pickup.minecraft.sugar":2,"stat.mineBlock.minecraft.planks":5,"stat.drop":2,"stat.mineBlock.growthcraft.salt_ore":65,"stat.killEntity.Sheep":1,"stat.mineBlock.mysticalagriculture.prosperity_ore":16,"stat.craftItem.minecraft.diamond_pickaxe":2,"stat.killEntity.Zombie":10,"stat.mineBlock.minecraft.gold_ore":82,"stat.diveOneCm":23964,"stat.craftItem.minecraft.piston":1,"stat.pickup.minecraft.gravel":52,"stat.pickup.thaumcraft.curio":1,"stat.useItem.minecraft.apple":2,"stat.mineBlock.mysticalagriculture.inferium_ore":14,"stat.craftItem.thermalexpansion.machine":2,"stat.jump":2595,"stat.pickup.minecraft.coal":690,"stat.useItem.minecraft.stone_axe":112,"stat.pickup.minecraft.gunpowder":3,"stat.craftItem.minecraft.torch":252,"stat.pickup.minecraft.dirt":59,"stat.craftItem.minecraft.iron_helmet":1,"stat.pickup.minecraft.iron_ore":400,"stat.useItem.minecraft.glass":12,"stat.pickup.minecraft.gold_ore":82,"stat.mineBlock.minecraft.lapis_ore":38,"stat.damageTaken":1996,"stat.pickup.minecraft.leather":1,"stat.mineBlock.minecraft.furnace":1,"stat.pickup.minecraft.written_book":1,"stat.mineBlock.minecraft.torch":3,"stat.mineBlock.minecraft.red_flower":1,"stat.useItem.minecraft.wooden_pickaxe":17,"stat.pickup.mysticalagriculture.crafting":75,"stat.pickup.minecraft.bed":1,"stat.entityKilledBy.Zombie":1,"stat.damageDealt":6729,"stat.craftItem.minecraft.glass":108,"stat.pickup.growthcraft_milk.thistle_seed":2,"stat.sleepInBed":6,"stat.killEntity.Cow":1,"stat.craftItem.minecraft.iron_sword":1,"stat.useItem.minecraft.air":62,"stat.walkOneCm":1222759,"stat.useItem.minecraft.chest":7,"stat.pickup.mekanism.oreblock":79,"stat.pickup.minecraft.clay_ball":20,"stat.pickup.biomesoplenty.sapling_0":10,"stat.mineBlock.computercraft.turtle_expanded":1,"stat.mineBlock.thermaldynamics.duct_0":1,"stat.pickup.galacticraftcore.basic_item":50,"stat.pickup.minecraft.stone":413,"stat.craftItem.minecraft.iron_chestplate":1,"stat.mineBlock.thaumcraft.crystal_ignis":1,"stat.killEntity.Skeleton":8,"stat.killEntity.Spider":2,"stat.useItem.harvestcraft.avocadoitem":1,"stat.mobKills":31,"stat.pickup.harvestcraft.plumitem":4,"stat.mineBlock.appliedenergistics2.sky_compass":1,"stat.pickup.minecraft.diamond":8,"stat.mineBlock.minecraft.leaves":804,"stat.pickup.minecraft.torch":21,"stat.pickup.thaumcraft.brain":2,"stat.mineBlock.minecraft.redstone_ore":70,"stat.craftItem.minecraft.brick":16,"stat.mineBlock.minecraft.stone":2620}